"","X","texto","datahora","medio","Alcance","LIKES","rtas","cliks","comments","compartida","fecha","hora","POSTID","URL","TEXTO","FECHA","COMMENTS","FOTO","img_word","pro_spon","TEMA1","TEMA2","N_FOTOS","Grund","...13","datahoraposi"
"1",194,"Einfach.jetzt.wÃ¤hlen. âœ–ï¸ğŸ—³

#Btw21 #26sep #Cdu
#Vollerenergie #Wahlkreis160 
#Erststimme #Rohwer
#Wegenmorgen","2021-09-11t07:45:55","PublicaciÃ³n De Instagram",76,1,NA,NA,0,0,"2021-09-11","07:45:55","H.jetzt.wÃ¤",NA,NA,NA,NA,NA,NA,NA,NA,NA,NA,NA,NA,"2021-09-11 07:45:55"
"2",1,"Die #Preise Gehen Durch Die Decke & Wir Alle SpÃ¼ren Es!

ğŸ›’ An Der #Supermarktkasse 
â›½ An Der #ZapfsÃ¤ule 
ğŸ˜ï¸ Bei Den #Heizkosten

Wie Lange Will Die #Ampel ğŸš¦ Noch Zuschauen? Jetzt Ist Die Zeit Zu Handeln!

Inflationsbedingte Staatliche Mehreinnahmen Sollten Genutzt Werden, Um Inflationslasten In Der Breite Effektiv Abzumildern Und Einen Wirkungsvollen Schutzschirm Aufzuspannen. Liebe Ampel ğŸš¦ Lasst #Studenten Und #Rentner Nicht Im Regen â˜”ï¸ Stehen!

Cdu/Csu-Bundestagsfraktion @Cducsubt
Rcds [Ring Christlich-Demokratischer Studenten] @Rcds.bund @Rcds_dresden 
Junge Union Deutschlands @Junge_union @Ju_dresden","2022-05-10t06:56:31","PublicaciÃ³n De Instagram",95,2,NA,NA,0,0,"2022-05-10","06:56:31","Reise Gehe",NA,NA,NA,NA,NA,NA,NA,NA,NA,NA,NA,NA,"2022-05-10 06:56:31"
"3",4,"Das Vergangene Jahr War Von Krisen GeprÃ¤gt Und Genauso Geht Es Weiter. In Dieser Herausfordernden Zeit Ist Eines Besonders Wichtig, Das Handeln Im Zeichen Der Menschlichkeit. Unter Diesem Motto Sind Viele Rotkreuzlerinnen Und Rotkreuzler Auf Der Ganzen Welt Im Einsatz. Ich Bin Dankbar, PersÃ¶nlich Als Vorsitzender Vom Roten Kreuz In Dresden Einen Kleinen Teil Dazu Beitragen Zu KÃ¶nnen.

Zum Internationalen #Weltrotkreuztag Am 8. Mai 2022 Wollen Wir Gemeinsam Die Kleinen Gesten Der Menschlichkeit Feiern. Sie Machen FÃ¼r Das Jeweilige GegenÃ¼ber Einen GroÃŸen Unterschied! Heinz Rudolf Kunze Hat Es In Seinem Lied Wieder Einmal Auf Den Punkt Getroffen: 

â€Es Sind Die Ganz Normalen Menschen
Sie Leben Gestern Heute Morgen
Mit Ihren Ganz Normalen AÌˆngsten
Mit Ihren Fehlern Ihren Sorgen
Sie Werden Allzu Gern BelaÌˆchelt
Sie Werden HaÌˆufig UÌˆbersehen
Doch Ohne Sie Geht UÌˆberhaupt Nichts
Um Diese Menschen Muss Es Gehenâ€œ

International Committee Of The Red Cross Deutsches Rotes Kreuz #Behumankind","2022-05-07t23:05:26","PublicaciÃ³n De Instagram",119,2,NA,NA,0,0,"2022-05-07","23:05:26","Rgangene J","Https://Www.instagram.com/P/Cdsu93kowec/","Das Vergangene Jahr War Von Krisen GeprÃ¤gt Und Genauso Geht Es Weiter. In Dieser Herausfordernden Zeit Ist Eines Besonders Wichtig, Das Handeln Im Zeichen Der Menschlichkeit. Unter Diesem Motto Sind Viele Rotkreuzlerinnen Und Rotkreuzler Auf Der Ganzen Welt Im Einsatz. Ich Bin Dankbar, PersÃ¶nlich Als Vorsitzender Vom Roten Kreuz In Dresden Einen Kleinen Teil Dazu Beitragen Zu KÃ¶nnen.

Zum Internationalen #Weltrotkreuztag Am 8. Mai 2022 Wollen Wir Gemeinsam Die Kleinen Gesten Der Menschlichkeit Feiern. Sie Machen FÃ¼r Das Jeweilige GegenÃ¼ber Einen GroÃŸen Unterschied! Heinz Rudolf Kunze Hat Es In Seinem Lied Wieder Einmal Auf Den Punkt Getroffen:

â€Es Sind Die Ganz Normalen Menschen
Sie Leben Gestern Heute Morgen
Mit Ihren Ganz Normalen AÌˆngsten
Mit Ihren Fehlern Ihren Sorgen
Sie Werden Allzu Gern BelaÌˆchelt
Sie Werden HaÌˆufig UÌˆbersehen
Doch Ohne Sie Geht UÌˆberhaupt Nichts
Um Diese Menschen Muss Es Gehenâ€œ

International Committee Of The Red Cross Deutsches Rotes Kreuz #Behumankind
3 Tage","2022-05-09",0,"Menschenworter","Inzwischen","Gebastelt","Gesellschaft","Ephemeriden",1,NA,NA,"2022-05-07 23:05:26"
"4",30,"Heute Ist #GrÃ¼ndonnerstag, Wir Christen Erinnern Uns An Das Letzte Abendmahl Jesu Im Kreise Seiner JÃ¼nger. Deshalb Wende Ich Mich Erneut Der Thematik #Nahrungsmittel Zu.

Die Preise FÃ¼r #Lebensmittel Steigen ğŸ“ˆ Aufgrund Der Folgen Von #Putinskrieg In Der #Ukraine ğŸ‡ºğŸ‡¦ Rasant An. Umso Wichtiger, Dass Die #Bundesregierung Jetzt Schnell Und UnbÃ¼rokratisch Handelt, Den Anbau Von Nahrungsmitteln Weiterhin Auch Auf BrachflÃ¤chen Erlaubt Und Keine ZusÃ¤tzlichen HÃ¼rden Durch FlÃ¤chen-Stilllegungen Einbaut. 
Aus Meiner PersÃ¶nlichen Perspektive SchlieÃŸt Sich Nach Ostern ğŸ£ Das Zeitfenster.

Der Russische Angriffskrieg Und Die Daraus Entstehenden Folgen FÃ¼hren Zu Leid Und #Hunger Weltweit. Die Zahl Der Hungernden Wird Um Bis Zu 13 Millionen Menschen Steigen. Die Unionsfraktion Beantragt Daher Im ZustÃ¤ndigen Ausschuss Des #Bundestags Eine AnhÃ¶rung Mit SachverstÃ¤ndigen Zum Thema #WelternÃ¤hrung.

Cdu/Csu-Bundestagsfraktion","2022-04-14t06:30:28","PublicaciÃ³n De Instagram",138,2,NA,NA,0,0,"2022-04-14","06:30:28","Ist #GrÃ¼nd","Https://Www.instagram.com/P/Ccvu0xkkure/","Heute Ist #GrÃ¼ndonnerstag, Wir Christen Erinnern Uns An Das Letzte Abendmahl Jesu Im Kreise Seiner JÃ¼nger. Deshalb Wende Ich Mich Erneut Der Thematik #Nahrungsmittel Zu.

Die Preise FÃ¼r #Lebensmittel Steigen ğŸ“ˆ Aufgrund Der Folgen Von #Putinskrieg In Der #Ukraine ğŸ‡ºğŸ‡¦ Rasant An. Umso Wichtiger, Dass Die #Bundesregierung Jetzt Schnell Und UnbÃ¼rokratisch Handelt, Den Anbau Von Nahrungsmitteln Weiterhin Auch Auf BrachflÃ¤chen Erlaubt Und Keine ZusÃ¤tzlichen HÃ¼rden Durch FlÃ¤chen-Stilllegungen Einbaut.
Aus Meiner PersÃ¶nlichen Perspektive SchlieÃŸt Sich Nach Ostern ğŸ£ Das Zeitfenster.

Der Russische Angriffskrieg Und Die Daraus Entstehenden Folgen FÃ¼hren Zu Leid Und #Hunger Weltweit. Die Zahl Der Hungernden Wird Um Bis Zu 13 Millionen Menschen Steigen. Die Unionsfraktion Beantragt Daher Im ZustÃ¤ndigen Ausschuss Des #Bundestags Eine AnhÃ¶rung Mit SachverstÃ¤ndigen Zum Thema #WelternÃ¤hrung.

Cdu/Csu-Bundestagsfraktion
3 Wo.","2022-04-14",0,"Worter","Worter","Gebastelt","Lebenskosten","ReligiÃ¶n",1,"Meinung_teilen","Allgemein","2022-04-14 06:30:28"
"5",119,"Der Schmetterling Ist Das Plakatmotiv Des 30. Elbhangfestes 2022 Als Symbol FÃ¼r Auferstehung Und Wandel.

2021 + 2020 Musste Das Elbhangfest Auf Grund Der Pandemie Ausgesetzt Werden. Mit Dem Kommenden Sommer Steigt Die Hoffnung, Dass Das StraÃŸen- Und Gartenfest Im Juni Stattfinden Und Anwohner Und Besucher GlÃ¼cklich Machen Kann.

Zwischen Dem 24. â€“ 26. Juni 2022 Warten 200 KÃ¼nstler, 11 BÃ¼hnen Und Dampfer-Shuttle Auf Die GÃ¤ste.

Gern UnterstÃ¼tze Ich FÃ¼r Die Fest Am Dresdner Elbhang Verankerte Veranstaltung Und Den Veranstalter Des Festes, Den GemeinnuÌˆtzigen Elbhangfest E. V. Im Wahlkreis 160.

UnterstÃ¼tzen Auch Sie Mit Dem Kauf Eines Tickets Das Stattfinden Des Elbhangfestes!

Bis Zum 30. April 2022 Sollen Insgesamt 25.000 Karten Verkauft Sein. Sonst Droht Erneut Die Absage Des Festes - Was Wirklich Sehr Schade WÃ¤re. In Dem Fall Erhalten Alle KÃ¤ufer Den Kaufpreis Erstattet. Kinder Bis 18 Jahre Haben Freien Eintritt.

Auf Das Es HeiÃŸen Kann : ""Gute GrÃ¼nde FÃ¼r Fantasie!""

Https://Www.lars-Rohwer.de/Aktuelles/2022/Tickets-Kaufen-Elbhangfest-Ermoeglichen","2022-02-07t22:00:44","PublicaciÃ³n De Instagram",149,2,NA,NA,0,0,"2022-02-07","22:00:44","Hmetterlin","Https://Www.instagram.com/P/Cztc0hak01d/","Der Schmetterling Ist Das Plakatmotiv Des 30. Elbhangfestes 2022 Als Symbol FÃ¼r Auferstehung Und Wandel.

2021 + 2020 Musste Das Elbhangfest Auf Grund Der Pandemie Ausgesetzt Werden. Mit Dem Kommenden Sommer Steigt Die Hoffnung, Dass Das StraÃŸen- Und Gartenfest Im Juni Stattfinden Und Anwohner Und Besucher GlÃ¼cklich Machen Kann.

Zwischen Dem 24. â€“ 26. Juni 2022 Warten 200 KÃ¼nstler, 11 BÃ¼hnen Und Dampfer-Shuttle Auf Die GÃ¤ste.

Gern UnterstÃ¼tze Ich FÃ¼r Die Fest Am Dresdner Elbhang Verankerte Veranstaltung Und Den Veranstalter Des Festes, Den GemeinnuÌˆtzigen Elbhangfest E. V. Im Wahlkreis 160.

UnterstÃ¼tzen Auch Sie Mit Dem Kauf Eines Tickets Das Stattfinden Des Elbhangfestes!

Bis Zum 30. April 2022 Sollen Insgesamt 25.000 Karten Verkauft Sein. Sonst Droht Erneut Die Absage Des Festes - Was Wirklich Sehr Schade WÃ¤re. In Dem Fall Erhalten Alle KÃ¤ufer Den Kaufpreis Erstattet. Kinder Bis 18 Jahre Haben Freien Eintritt.

Auf Das Es HeiÃŸen Kann : ""Gute GrÃ¼nde FÃ¼r Fantasie!""

Https://Www.lars-Rohwer.de/Aktuelles/2022/Tickets-Kaufen-Elbhangfest-Ermoeglichen
12 Wo.","2022-02-08",0,"Symboleworter","Worter","Gebastelt","Freizeit","Elbhangfestes 2022",1,"Einladung",NA,"2022-02-07 22:00:44"
"6",172,"#Dasgutetun âœ–ï¸ #WÃ¤hlengehen ğŸ—³

#Btw21 #26sep #Cdu
#Vollerenergie #Wahlkreis160
#Erststimme #Rohwer
#Zweitstimme #Arminlaschet
#Wegenmorgen","2021-09-25t04:36:34","PublicaciÃ³n De Instagram",60,2,NA,NA,0,0,"2021-09-25","04:36:34","Tetun âœ–ï¸ #",NA,NA,NA,NA,NA,NA,NA,NA,NA,NA,NA,NA,"2021-09-25 04:36:34"
"7",179,"#Rohwer2021-Film Zu Den #Werten In Unserer #Gesellschaft

#Btw21 #26sep #Cdu
#Vollerenergie #Wahlkreis160
#Erststimme #Rohwer
#Wegenmorgen","2021-09-17t23:03:35","PublicaciÃ³n De Instagram",56,2,NA,NA,0,0,"2021-09-17","23:03:35","R2021-Film",NA,NA,NA,NA,NA,NA,NA,NA,NA,NA,NA,NA,"2021-09-17 23:03:35"
"8",183,"#Deutschland #Gemeinsam #Modern #Machen

#Btw21 #26sep #Cdu
#Vollerenergie #Wahlkreis160
#Erststimme #Rohwer
#Wegenmorgen","2021-09-16t05:31:33","PublicaciÃ³n De Instagram",46,2,NA,NA,0,0,"2021-09-16","05:31:33","Chland #Ge",NA,NA,NA,NA,NA,NA,NA,NA,NA,NA,NA,NA,"2021-09-16 05:31:33"
"9",188,"#Einfach.#Jetzt.#WÃ¤hlen
#Briefwahl

#Btw21 #26sep #Cdu #Vollerenergie #Wahlkreis160
#Erststimme #Rohwer
#Wegenmorgen","2021-09-14t02:41:02","PublicaciÃ³n De Instagram",54,2,NA,NA,0,0,"2021-09-14","02:41:02","Ch.#Jetzt.",NA,NA,NA,NA,NA,NA,NA,NA,NA,NA,NA,NA,"2021-09-14 02:41:02"
"10",191,"#Deutschland #Gemeinsam #Machen 

#Btw21 #26sep #Cdu
#Vollerenergie #Wahlkreis160
#Erststimme #Rohwer
#Wegenmorgen","2021-09-12t14:52:03","PublicaciÃ³n De Instagram",67,2,NA,NA,0,0,"2021-09-12","14:52:03","Chland #Ge",NA,NA,NA,NA,NA,NA,NA,NA,NA,NA,NA,NA,"2021-09-12 14:52:03"
"11",7,"Das Bundesministerium FÃ¼r Bildung Und Forschung Hat Die Eckpunkte FÃ¼r Die Deutsche Agentur FÃ¼r Transfer Und Innovation (#Dati) Vorgelegt. Die Weitere Ausgestaltung Haben Wir Bei Einem Parlamentarischen FrÃ¼hstÃ¼ck Der #Hochschulallianz FÃ¼r Den #Mittelstand Diskutiert.

Mir Stellt Sich Die Frage Welchen Mehrwert Diese Agentur Haben Wird. Viel Wird - Aus Meiner Sicht - Davon AbhÃ¤ngen, In Welcher Rechtsform Die Agentur GegrÃ¼ndet Wird. Mehr Informationen Zum Prozess Und Den Unterschiedlichen Meinungen Dazu KÃ¶nnt Ihr Der Auf Meiner Website VerÃ¶ffentlichten Presseinfo â„¹ï¸ Entnehmen.

ğŸ‘‰ Https://Www.lars-Rohwer.de/Aktuelles/2022/Hochschulallianz-Fuer-Den-Mittelstand-Hafm-Mit-Vertreterinnen-Aus-Politik-Und-Wirtschaft","2022-05-04t09:00:58","PublicaciÃ³n De Instagram",105,3,NA,NA,0,0,"2022-05-04","09:00:58","Ndesminist","Https://Www.instagram.com/P/Cdjf8niqbmp/","Das Bundesministerium FÃ¼r Bildung Und Forschung Hat Die Eckpunkte FÃ¼r Die Deutsche Agentur FÃ¼r Transfer Und Innovation (#Dati) Vorgelegt. Die Weitere Ausgestaltung Haben Wir Bei Einem Parlamentarischen FrÃ¼hstÃ¼ck Der #Hochschulallianz FÃ¼r Den #Mittelstand Diskutiert.

Mir Stellt Sich Die Frage Welchen Mehrwert Diese Agentur Haben Wird. Viel Wird - Aus Meiner Sicht - Davon AbhÃ¤ngen, In Welcher Rechtsform Die Agentur GegrÃ¼ndet Wird. Mehr Informationen Zum Prozess Und Den Unterschiedlichen Meinungen Dazu KÃ¶nnt Ihr Der Auf Meiner Website VerÃ¶ffentlichten Presseinfo â„¹ï¸ Entnehmen.

ğŸ‘‰ Https://Www.lars-Rohwer.de/Aktuelles/2022/Hochschulallianz-Fuer-Den-Mittelstand-Hafm-Mit-Vertreterinnen-Aus-Politik-Und-Wirtschaft
6 Tage","2022-05-06",0,"Unterseiteworter","Inzwischen","Gebastelt","Bildung",NA,1,NA,NA,"2022-05-04 09:00:58"
"12",12,"Der #Tag Der #Erneuerbaren #Energien (Ee) Ist Ein Mittlerweile Bundesweiter Aktionstag, Der JÃ¤hrlich Am Letzten Samstag Im April An Die â˜¢ï¸Reaktorkatastrophe In #Tschernobyl Vom 26. April 1986 Erinnert. Initiiert Wurde Der Tag Der Erneuerbaren Energien Im Jahr 1996 In #Oederan (Sachsen).
Der JÃ¤hrliche Aktionstag Dient Dazu Immer Wieder Die Notwendigkeit Zum Ausbau Der Erneuerbaren Energien In Deutschland ğŸ‡©ğŸ‡ª Zu Verdeutlichen. Zu Den Ee GehÃ¶rt Neben #Wind Und #Sonne Auch Die #Wasserkraft, Bio-#Energie Und #Geothermie. 

Um Es Konkret Zu Machen, Letzte Woche War In Meiner BÃ¼rgersprechstunde Ein #Hausbesitzer, Um Mich Darauf Aufmerksam Zu Machen, Dass Die AbstandsflÃ¤chen FÃ¼r #Photovoltaik Auf DachflÃ¤chen Im Freistaat #Sachsen Mit 1.25 Meter Ziemlich GroÃŸ Sind. Ich Finde, Er Hat Recht, Andere BundeslÃ¤nder Geben Nur Einen Halben Meter Bis Gar Keine AbstandsflÃ¤chen Vor, Die Laut Bauordnung Einzuhalten Sind. Hier KÃ¶nnen Wir In Sachsen Konkret Handeln Und Diese Veraltete Vorschrift Bei Der Aktuell Laufenden Novellierung Der SÃ¤chsischen #Bauordnung Aktualisieren!

#Tagdererneuerbarenenergien #Klimaschutz","2022-04-29t21:30:38","PublicaciÃ³n De Instagram",256,3,NA,NA,1,0,"2022-04-29","21:30:38","Ag Der #Er","Https://Www.instagram.com/P/Cc9jwhfixi-/","Der #Tag Der #Erneuerbaren #Energien (Ee) Ist Ein Mittlerweile Bundesweiter Aktionstag, Der JÃ¤hrlich Am Letzten Samstag Im April An Die â˜¢ï¸Reaktorkatastrophe In #Tschernobyl Vom 26. April 1986 Erinnert. Initiiert Wurde Der Tag Der Erneuerbaren Energien Im Jahr 1996 In #Oederan (Sachsen).
Der JÃ¤hrliche Aktionstag Dient Dazu Immer Wieder Die Notwendigkeit Zum Ausbau Der Erneuerbaren Energien In Deutschland ğŸ‡©ğŸ‡ª Zu Verdeutlichen. Zu Den Ee GehÃ¶rt Neben #Wind Und #Sonne Auch Die #Wasserkraft, Bio-#Energie Und #Geothermie.

Um Es Konkret Zu Machen, Letzte Woche War In Meiner BÃ¼rgersprechstunde Ein #Hausbesitzer, Um Mich Darauf Aufmerksam Zu Machen, Dass Die AbstandsflÃ¤chen FÃ¼r #Photovoltaik Auf DachflÃ¤chen Im Freistaat #Sachsen Mit 1.25 Meter Ziemlich GroÃŸ Sind. Ich Finde, Er Hat Recht, Andere BundeslÃ¤nder Geben Nur Einen Halben Meter Bis Gar Keine AbstandsflÃ¤chen Vor, Die Laut Bauordnung Einzuhalten Sind. Hier KÃ¶nnen Wir In Sachsen Konkret Handeln Und Diese Veraltete Vorschrift Bei Der Aktuell Laufenden Novellierung Der SÃ¤chsischen #Bauordnung Aktualisieren!

#Tagdererneuerbarenenergien #Klimaschutz
1 Wo.","2022-04-30",1,"Symbole","Bild","Gebastelt","Energie","Ephemeriden",1,NA,NA,"2022-04-29 21:30:38"
"13",24,"#Slowenien ğŸ‡¸ğŸ‡® WÃ¤hlt Am 24. April 2022 Eine Neue #Nationalversammlung. GewÃ¤hlt Werden Die 90 Abgeordneten Des Parlamentes.

Die @Onlinekas Bietet Am Morgen Danach Eine #Wahlanalyse An. Ãœber Die Website Der #Kas KÃ¶nnt Ihr Euch Zur Teilnahme Anmelden: Https://Www.kas.de/De/Web/Bruessel/Veranstaltungen/Detail/-/Content/Der-Morgen-Danach-Slowenien-Hat-Gewaehlt

Hier Gibtâ€˜s Weitere Infos Https://De.m.wikipedia.org/Wiki/Parlamentswahl_in_slowenien_2022","2022-04-20t21:00:06","PublicaciÃ³n De Instagram",197,3,NA,NA,0,0,"2022-04-20","21:00:06","Nien ğŸ‡¸ğŸ‡® WÃ¤","Https://Www.instagram.com/P/Ccmvg8son69/","#Slowenien ğŸ‡¸ğŸ‡® WÃ¤hlt Am 24. April 2022 Eine Neue #Nationalversammlung. GewÃ¤hlt Werden Die 90 Abgeordneten Des Parlamentes.

Die @Onlinekas Bietet Am Morgen Danach Eine #Wahlanalyse An. Ãœber Die Website Der #Kas KÃ¶nnt Ihr Euch Zur Teilnahme Anmelden: Https://Www.kas.de/De/Web/Bruessel/Veranstaltungen/Detail/-/Content/Der-Morgen-Danach-Slowenien-Hat-Gewaehlt

Hier Gibtâ€˜s Weitere Infos Https://De.m.wikipedia.org/Wiki/Parlamentswahl_in_slowenien_2022
2 Wo.","2022-04-21",0,"Unterseiteworter","Worter","Gebastelt","Internationalpolitik","Medien",1,NA,NA,"2022-04-20 21:00:06"
"14",42,"Sie Sind Teilweise Mehr Als 36 Stunden Auf Den Beinen. Hinter Ihnen Liegen Tage Der Unsicherheit. Wochen Der Angst. Wir MÃ¼ssen Den Vertriebenen Frauen, Kindern Und Jugendlichen Aus Der #Ukraine ğŸ‡ºğŸ‡¦ Jetzt Die Chance Zur Integration Geben.
Doch Die Bundesregierung Vergibt Sie.
Es Braucht Einen #Masterplanjetzt:

ğŸ‘‰ Zugang Zu Bildung Und Betreuung Pragmatisch Schaffen
ğŸ‘‰ Sprachkurse Deutlich Ausbauen
ğŸ‘‰ Einstieg In Den Arbeitsmarkt ErmÃ¶glichen

Eine Zielgerichtete #Integration Geht Nur Mit Einer Gesamtorganisation Durch Die Bundesregierung. Sie Muss Den Weg Gemeinsam Mit LÃ¤ndern, Kommunen Und Sozialeinrichtungen Vorgeben.

â˜ï¸ Herr #Bundeskanzler, Ihre #Bundesregierung Sollte Endlich Machen Statt Mahnen!","2022-04-06t12:00:13","PublicaciÃ³n De Instagram",143,3,NA,NA,0,0,"2022-04-06","12:00:13","Nd Teilwei","Https://Www.instagram.com/P/Ccbumjyo-5l/","Sie Sind Teilweise Mehr Als 36 Stunden Auf Den Beinen. Hinter Ihnen Liegen Tage Der Unsicherheit. Wochen Der Angst. Wir MÃ¼ssen Den Vertriebenen Frauen, Kindern Und Jugendlichen Aus Der #Ukraine ğŸ‡ºğŸ‡¦ Jetzt Die Chance Zur Integration Geben.
Doch Die Bundesregierung Vergibt Sie.
Es Braucht Einen #Masterplanjetzt:

ğŸ‘‰ Zugang Zu Bildung Und Betreuung Pragmatisch Schaffen
ğŸ‘‰ Sprachkurse Deutlich Ausbauen
ğŸ‘‰ Einstieg In Den Arbeitsmarkt ErmÃ¶glichen

Eine Zielgerichtete #Integration Geht Nur Mit Einer Gesamtorganisation Durch Die Bundesregierung. Sie Muss Den Weg Gemeinsam Mit LÃ¤ndern, Kommunen Und Sozialeinrichtungen Vorgeben.

â˜ï¸ Herr #Bundeskanzler, Ihre #Bundesregierung Sollte Endlich Machen Statt Mahnen!
4 Wo.","2022-04-06",0,"Unterseiteworter","Inzwischen","Gebastelt","Ukraine","Bildungsinklusion",1,"Meinung_teilen",NA,"2022-04-06 12:00:13"
"15",45,"Die Hilfsbereitschaft In Deutschland Ist Nach Wie Vor ÃœberwÃ¤ltigend. Viele Engagieren Sich Ehrenamtlich, Helfen Den Ukrainischen Kriegsvertriebenen. Das Verdient Unser Aller Dank Und Anerkennung. Die Bundesregierung Aber Hinkt Hinterher. Mit Unserem #Masterplanjetzt Geben Wir Impulse FÃ¼r Eine Strategie, Um

ğŸ‘‰ Eine Gute Und Faire Unterbringung In ğŸ‡©ğŸ‡ª & ğŸ‡ªğŸ‡º Zu ErmÃ¶glichen,
ğŸ‘‰ Die Gesundheitliche Versorgung Zu Koordinieren,
ğŸ‘‰ Den Bund Besser Mit Den Ehrenamtlichen Zu Verzahnen.

Die #Bundesregierung Kann Sich Nicht LÃ¤nger Auf Kosten Der Ehrenamtlichen Und Kommunen Ausruhen. Auch Aus Den LÃ¤ndern Werden Die Hilferufe Lauter.
Wie Lange Wollen Sie Das Noch Geschehen Lassen Und Nicht Gestalten, Herr #Bundeskanzler?

Cdu/Csu-Bundestagsfraktion","2022-04-06t02:30:49","PublicaciÃ³n De Instagram",101,3,NA,NA,0,0,"2022-04-06","02:30:49","Lfsbereits","Https://Www.instagram.com/P/Ccatcjeqxcq/","Die Hilfsbereitschaft In Deutschland Ist Nach Wie Vor ÃœberwÃ¤ltigend. Viele Engagieren Sich Ehrenamtlich, Helfen Den Ukrainischen Kriegsvertriebenen. Das Verdient Unser Aller Dank Und Anerkennung. Die Bundesregierung Aber Hinkt Hinterher. Mit Unserem #Masterplanjetzt Geben Wir Impulse FÃ¼r Eine Strategie, Um

ğŸ‘‰ Eine Gute Und Faire Unterbringung In ğŸ‡©ğŸ‡ª & ğŸ‡ªğŸ‡º Zu ErmÃ¶glichen,
ğŸ‘‰ Die Gesundheitliche Versorgung Zu Koordinieren,
ğŸ‘‰ Den Bund Besser Mit Den Ehrenamtlichen Zu Verzahnen.

Die #Bundesregierung Kann Sich Nicht LÃ¤nger Auf Kosten Der Ehrenamtlichen Und Kommunen Ausruhen. Auch Aus Den LÃ¤ndern Werden Die Hilferufe Lauter.
Wie Lange Wollen Sie Das Noch Geschehen Lassen Und Nicht Gestalten, Herr #Bundeskanzler?

Cdu/Csu-Bundestagsfraktion
4 Wo.","2022-04-06",0,"Unterseiteworter","Inzwischen","Gebastelt","Ukraine","Sicherheit",1,"Diskussion",NA,"2022-04-06 02:30:49"
